{
  "Choose_Games": "Choisir un/des jeu(x)",
  "Choose_System": "Choisissez un syst\u00E8me (Consoles)",
  "Cmd.TestGmLinks": "Test game links",
  "Cmd.ExtTBGame": " Extract True Backup",
  "Cmd.ExtNBGame": "Extract NoPath Backup",
  "Cmd.ExtPlatform": "Extract Platform",
  "Cmd.ExtDef": "Extract Default File",
  "Comp_Lvl": "Niveau de compression",
  "Comp_Min": "Stock",
  "Comp_Moy": "Rapide",
  "Comp_Max": "Optimal (Best)",
  "Comp_Zip": "Compression Zip",
  "Comp_7Z": "Compression 7Zip",
  "Opt_CopyClones": "Copie des clones",
  "Opt_CopyCheats": "Copie des cheatcodes",
  "Opt_EnXB": "Copie XML am\u00E9lior\u00E9",
  "Opt_InfosG": "Infos Games",
  "Opt_KeepGmStruct": "Keep games Structure",
  "Opt_KeepCheatStruct": "Keep cheats Structure",
  "Opt_KeepManStruct": "Keep manuals Structure",
  "Opt_KeepMusStruct": "Keep musics Structure",
  "Opt_OriXB": "Copie XML originel",
  "Opt_TViewF": "Fichier d\u0027arborescence",
  "Opt_Window": "Fen\u00EAtre de tra\u00E7age",
  "Q_KeepIt": "Voulez vous le garder ?",
  "Q_Pack": "Packer ce jeu",
  "Q_PackGames": "Etes vous s\u00FBr(e) de vouloir packer ces jeux ?",
  "S_ArchiveName": "Nom d\u0027archive",
  "S_EnterYourCC": "Entrez vos codes de triche",
  "S_GameStatus": "Etat du jeu",
  "S_GameStatus4": "Etat du jeu pour",
  "S_GameTitle": "Titre du jeu",
  "S_GiveArchName": "Donnez un nom d\u0027archive",
  "S_MainLAppBroken": "Lien de l\u0027application principale cass\u00E9",
  "S_SearchFor": "Recherche de",
  "S_WidthLimit": "Limite de largeur",
  "Word.Active": "Activ\u00E9",
  "Word.Cheats": "Cheats",
  "Word.Compression": "Compression",
  "Word.Credits": "Credits",
  "Word.Extract": "Extraire",
  "Word.Format": "Formatter",
  "Word.Help": "Help",
  "Word.Params": "Param\u00E8tres",
  "Word_Region": "R\u00E9gion",
  "Word_Title": "Titre",
  "Word_Version": "Version",
  "Long_Credits": "#Cr\u00E9dits, Merci \u00E0:\r\n\t- Ma petite puce qui patiente pendant que papa fait des packs de rom... Afin de lui faire d\u00E9couvrir mon adolescence.\r\n\t- Mon ex - femme(qui se tape l\u0027incruste, mais c\u0027est pratique) :D.\r\n\t- Mes chachats, ceux qui sont l\u00E0, ceux qui sont partis trop t\u00F4t... \r\n\t- Le cr\u00E9ateur de DotNetZip, tr\u00E8s bon job, vraiment balaise! \r\n\t- Le cr\u00E9ateur de SevenZip, merci et bravo ! \r\n\r\n\r\n\r\n\t\t\t\t\t\tAmiti\u00E9s.",
  "Long_Help": "Step to the left, step to the righ, clap your hands....Ok... sorry... \r\n\r\nC\u0027est une version basique pour vous aider.\u002B\r\n\r\nA quoi \u00E7a sert...  a rien, barrez vous ^ ^:\r\n\t- Bref, \u00E7a r\u00E9cup\u00E8re UNE rom, ses images et ses datas xml pour construire un zip avec le tout.\r\n\t- Attention, \u00E7a ne sera pas la m\u00EAme structure mais (update) l\u0027unpacker est sorti pour vous aider si vous voulez r\u00E9injecter\r\n\t- Non, \u00E7a n\u0027alt\u00E8re en rien vos infos, vos fichiers, vos images, etc\r\n\r\n#1: Allez dans les param\u00E8tres pour s\u00E9lectionner le dossier de Lauchbox.\r\n\r\n#2: Selectionner un r\u00E9pertoire de sortie o\u00F9 mettre le pack. !!! NE SELECTIONNEZ PAS le dossier LauncherBox !!!\r\n\r\n#3: Optionnel vous pouvez sp\u00E9cifier l\u0027algorithme de compression\r\n\r\n#4: Les \u00E9tapes suivantes sont intuitives, vous s\u00E9lectionez la machine, puis le jeu... go.",
  "Long_Rulz": "Deux r\u00E8gles:\r\n-Chaque Manuel doit \u00EAtre dans un dossier ayant le m\u00EAme nom de syst\u00E8me que le nom dans LaunchBox.\r\n    ex: F:\\CheadCodes\\Sega Megadrive\\ \u0026\u0026 dans LaunchBox le syst\u00E8me est nomm\u00E9e Sega Megadrive =\u003E Entrez F:\\CheadCodes\\\r\n-Pour s\u00E9lectionner les manuels, ils doivent avoir un nom commen\u00E7ant par le Nom du jeu \u002B \u0022-\u0022 \u002B (optionnel)quelque chose.\r\n    ex: Pour Sonic, l\u0027Archive Cheadcode doit commencer par  \u0027Sonic-\u0027\r\n\r\nNote: Autant d\u0027archives que vous voulez.",
  "ListGamesExp": null,
  "Lang": "fr-FR",
  "Version": "1.0.0.0",
  "Name": "Fran\u00E7ais",
  "Choose_LBPath": "Choisissez le chemin de LaunchBox",
  "Choose_Language": "Choisissez une langue",
  "Choose_Path": "Choisissez le chemin",
  "Err.LaunchBoxF": "Le dossier LaunchBox n\u0027existe pas.",
  "File_Ex": "Le fichier existe",
  "Files_Found": "Fichiers trouv\u00E9s",
  "Folder_Ex": "Le dossier existe",
  "Path.CheatCodes": "Chemin cheat codes",
  "Path.LaunchBox": "Chemin LaunchBox",
  "Path.Working": "Dossier de travail",
  "S_DefaultVideo": "Video par d\u00E9faut",
  "S_DefaultThemeVideo": "Th\u00E8me video par d\u00E9faut",
  "S_DeleteByYs": "Effacez par vous m\u00EAme",
  "S_OpenFolder": "Ouvrir le dossier",
  "Select.All": "Tout s\u00E9lectionner",
  "Select.None": "S\u00E9lectionner aucun",
  "Word.Add": "Ajouter",
  "Word.All": "Tous",
  "Word.Backup": "Backup",
  "Word.Cancel": "Annuler",
  "Word.CheatCodes": "Cheat Codes",
  "Word.Configuration": "Configuration",
  "Word.Delete": "Effacer",
  "Word.Default": "D\u00E9faut",
  "Word.File": "Fichier",
  "Word.Games": "Games",
  "Word.General": "G\u00E9n\u00E9ral",
  "Word.Images": "Images",
  "Word.Information": "Information",
  "Word.Informations": "Informations",
  "Word.Loggers": "Tra\u00E7age",
  "Word.Main": "Principal,",
  "Word.Manuals": "Manuels",
  "Word.Message": "Message",
  "Word.Musics": "Musics",
  "Word.New": "Nouveau",
  "Word.None": "Aucun",
  "Word.Ok": "OK",
  "Word.Open": "Ouvrir",
  "Word.Options": "Options",
  "Word.Paths": "Chemins",
  "Word.Platform": "Plateforme",
  "Word.Procedure": "Proc\u00E9dure",
  "Word.Process": "Proc\u00E9der",
  "Word.Reload": "Recharger",
  "Word.Remove": "Enlever",
  "Word.Reset": "R\u00E9initialiser",
  "Word.Result": "R\u00E9sultat",
  "Word.Save": "Sauver",
  "Word.Search": "Cherche",
  "Word.Select": "S\u00E9lectionnez",
  "Word.Selected": "S\u00E9lectionn\u00E9",
  "Word.Structure": "Structure",
  "Word.Submit": "Soumettre",
  "Word.Suggested": "Sugg\u00E9r\u00E9",
  "Word.Videos": "Videos"
}