{
  "Choose_Games": "Choose game(s)",
  "Choose_System": "Choose a system (Consoles)",
  "Cmd.TestGmLinks": "Test game links",
  "Cmd.ExtTBGame": " Extract True Backup",
  "Cmd.ExtNBGame": "Extract NoPath Backup",
  "Cmd.ExtPlatform": "Extract Platform",
  "Cmd.ExtDef": "Extract Default File",
  "Comp_Lvl": "Level of compression",
  "Comp_Min": "Stock",
  "Comp_Moy": "Fast",
  "Comp_Max": "Optimal (Best)",
  "Comp_Zip": "Zip Compression",
  "Comp_7Z": "7Zip Compression",
  "Opt_CopyClones": "Copy clones",
  "Opt_CopyCheats": "Copy cheats",
  "Opt_EnXB": "Enhanced XML backup",
  "Opt_InfosG": "Infos Games",
  "Opt_KeepGmStruct": "Keep games Structure",
  "Opt_KeepCheatStruct": "Keep cheats Structure",
  "Opt_KeepManStruct": "Keep manuals Structure",
  "Opt_KeepMusStruct": "Keep musics Structure",
  "Opt_OriXB": "Original XML Backup",
  "Opt_TViewF": "Treeview File",
  "Opt_Window": "Log window",
  "Q_KeepIt": "Do you want to keep it ?",
  "Q_Pack": "Pack this game",
  "Q_PackGames": "Are you sure to want to pack this games?",
  "S_ArchiveName": "Archive name",
  "S_EnterYourCC": "Enter your cheat codes",
  "S_GameStatus": "Game status",
  "S_GameStatus4": "Game status for",
  "S_GameTitle": "Game title",
  "S_GiveArchName": "Give an archive name",
  "S_MainLAppBroken": "Main link application is broken",
  "S_SearchFor": "Search for",
  "S_WidthLimit": "Width limit",
  "Word.Active": "Active",
  "Word.Cheats": "Cheats",
  "Word.Compression": "Compression",
  "Word.Credits": "Credits",
  "Word.Extract": "Extract",
  "Word.Format": "Format",
  "Word.Help": "Help",
  "Word.Params": "Parameters",
  "Word_Region": "Region",
  "Word_Title": "Title",
  "Word_Version": "Version",
  "Long_Credits": "#Cr\u00E9dits, Thanks to:\r\n\t- My dear daughter waiting about her father, meanwhile i pack roms... In order to make her discover my youthness.\r\n\t- My ex/wife (she don\u0027t want to leave but it\u0027s useful, it\u0027s something between us) :D.\r\n\t- My beloved cats, those again here, those who left to early ... \r\n\t- DotNetZip creator, very good job, amazing ! \r\n\t- SevenZip creator, big thanks \u0026 bravo ! \r\n\r\n\r\n\r\n\t\t\t\t\t\tGreetings.",
  "Long_Help": "Step to the left, step to the righ, clap your hands....Ok... sorry... \r\n\r\nIt\u0027s a bacic to help you.\r\n\r\nWhat is it for... nothing, get out of the way ^^:\r\n\t- In short, it get ONE rom, its images and its xml data to build a compressed file with everything.\r\n\t- Be careful, it will not be the same structure but (update) the unpacker is out to help you if you want to reinject\r\n\t- No, it does not affect your info, files, images, etc.\r\n\r\n#1: Go to settings to select the Lauchbox folder.\r\n\r\n#2: Select an output directory where to put the pack !!! DON\u0027T SELECT the LauncherBox folder !!!\r\n\r\n#3: Optional you can specify the compression algorithm\r\n\r\n#4: The following steps are intuitive, you select the machine, then the game ... go.",
  "Long_Rulz": "Two rules:\n- Each Manual must be in a folder having the same system name AS the name in launchbox.\n    ex: F:\\CheadCodes\\Sega Megadrive\\ \u0026\u0026 in LaunchBox the system is named Sega Megadrive =\u003E Enter F:\\CheadCodes\\ \\n-To select the manuals, they must have a name beginning by the Name of the game \u002B \u0022-\u0022 \u002B (optionnal)something \n    ex: For Sonic, Cheadcode archive must begin by \u0027Sonic-\u0027\\n\\nNote: As much archive as you want.",
  "ListGamesExp": null,
  "Lang": "en-US",
  "Version": "1.0.0.0",
  "Name": "English",
  "Choose_LBPath": "Choose the LaunchBox path",
  "Choose_Language": "Choose a Language",
  "Choose_Path": "Choose the path",
  "Err.LaunchBoxF": "LaunchBox folder doesn\u0027t exist.",
  "File_Ex": "File exists",
  "Files_Found": "Files found",
  "Folder_Ex": "Folder exists",
  "Path.CheatCodes": "Cheats codes path",
  "Path.LaunchBox": "LaunchBox path",
  "Path.Working": "Working path",
  "S_DefaultVideo": "Default video",
  "S_DefaultThemeVideo": "Default theme video",
  "S_DeleteByYs": "Delete By Yourself",
  "S_OpenFolder": "Open folder",
  "Select.All": "Select all",
  "Select.None": "Select none",
  "Word.Add": "Add",
  "Word.All": "All",
  "Word.Backup": "Backup",
  "Word.Cancel": "Cancel",
  "Word.CheatCodes": "Cheat Codes",
  "Word.Configuration": "Configuration",
  "Word.Delete": "Delete",
  "Word.Default": "Default",
  "Word.File": "File",
  "Word.Games": "Games",
  "Word.General": "General",
  "Word.Images": "Images",
  "Word.Information": "Information",
  "Word.Informations": "Informations",
  "Word.Loggers": "Loggers",
  "Word.Main": "Main",
  "Word.Manuals": "Manuals",
  "Word.Message": "Message",
  "Word.Musics": "Musics",
  "Word.New": "New",
  "Word.None": "None",
  "Word.Ok": "OK",
  "Word.Open": "Open",
  "Word.Options": "Options",
  "Word.Paths": "Paths",
  "Word.Platform": "Platform",
  "Word.Procedure": "Procedure",
  "Word.Process": "Process",
  "Word.Reload": "Reload",
  "Word.Remove": "Remove",
  "Word.Reset": "Reset",
  "Word.Result": "Result",
  "Word.Save": "Save",
  "Word.Search": "Search",
  "Word.Select": "Select",
  "Word.Selected": "Selected",
  "Word.Structure": "Structure",
  "Word.Submit": "Submit",
  "Word.Suggested": "Suggested",
  "Word.Videos": "Videos"
}